
    INSERT INTO Users (UserID, Name, Email, Password, ProfilePicture, DateOfBirth, Bio, PointsBalance, CreatedAt, UpdatedAt)
    VALUES (1, 'Lydia Chen', 'jason34@yahoo.com', 'qv7k$R2S(_', 'https://placekitten.com/621/842',
    '1985-01-23', 'Edge one quite heavy turn. New add second image because. Law nearly less improve official very fast.
Be produce activity reality run. House my just among produce if. Girl friend difficult party.', 373, '2024-07-09 21:16:13', '2024-10-01 12:32:19');
    
    INSERT INTO Users (UserID, Name, Email, Password, ProfilePicture, DateOfBirth, Bio, PointsBalance, CreatedAt, UpdatedAt)
    VALUES (2, 'David Jones', 'delgadoheidi@steele.com', ')c6GDrZtMK', 'https://placeimg.com/672/428/any',
    '1972-12-24', 'Around owner development boy. Federal stage generation lay nor.', 469, '2024-04-15 10:31:23', '2024-05-23 00:59:01');
    
    INSERT INTO Users (UserID, Name, Email, Password, ProfilePicture, DateOfBirth, Bio, PointsBalance, CreatedAt, UpdatedAt)
    VALUES (3, 'Emily Freeman', 'albertfry@schaefer.org', 'BK8VbI#x^1', 'https://placeimg.com/352/612/any',
    '1973-07-15', 'Black order role ground each follow. Sell trade indicate second heart. Religious fish approach make.', 213, '2024-02-10 05:25:44', '2024-08-11 23:27:44');
    
    INSERT INTO Users (UserID, Name, Email, Password, ProfilePicture, DateOfBirth, Bio, PointsBalance, CreatedAt, UpdatedAt)
    VALUES (4, 'Mr. Mark Turner Jr.', 'robertmartin@watkins.com', 'tBu7IdhtG!', 'https://www.lorempixel.com/0/994',
    '1961-03-20', 'Several bring save bill nice far within.', 235, '2024-12-16 18:36:09', '2024-02-17 03:20:55');
    
    INSERT INTO Users (UserID, Name, Email, Password, ProfilePicture, DateOfBirth, Bio, PointsBalance, CreatedAt, UpdatedAt)
    VALUES (5, 'Rebecca Edwards', 'markwells@wheeler.com', '&k6L$wZ+23', 'https://placeimg.com/732/437/any',
    '1973-07-21', 'Agency goal loss leg experience generation. Consider oil bad doctor. Social though store spend our loss. But question computer.', 417, '2024-12-23 05:47:39', '2024-06-14 00:40:54');
    
    INSERT INTO Users (UserID, Name, Email, Password, ProfilePicture, DateOfBirth, Bio, PointsBalance, CreatedAt, UpdatedAt)
    VALUES (6, 'Edward Calhoun', 'scott82@gmail.com', '(+SVq8+Do7', 'https://dummyimage.com/321x913',
    '1963-08-01', 'Federal spend much number it stock. Sort rather fish who.
Plan law really save father imagine.
Benefit themselves first building spend arrive.', 134, '2024-01-03 11:27:22', '2024-10-18 01:12:09');
    
    INSERT INTO Users (UserID, Name, Email, Password, ProfilePicture, DateOfBirth, Bio, PointsBalance, CreatedAt, UpdatedAt)
    VALUES (7, 'Mary Williams', 'robbinsmelissa@hotmail.com', ')r23IZy_z(', 'https://placekitten.com/804/410',
    '1991-12-29', 'Summer debate get individual. Degree seven attack able company then. Again subject fly year race.
Free fish move system stand. Magazine key your clear interview.', 202, '2024-05-22 21:25:03', '2024-07-24 07:40:07');
    
    INSERT INTO Users (UserID, Name, Email, Password, ProfilePicture, DateOfBirth, Bio, PointsBalance, CreatedAt, UpdatedAt)
    VALUES (8, 'Christopher Burch', 'stevensonchad@gmail.com', '_PWk#v3o0X', 'https://dummyimage.com/444x910',
    '1969-01-03', 'Each common then financial. Do class argue spring see you over. During effect find law available. Another adult especially choose candidate audience.', 405, '2024-09-22 17:39:02', '2024-12-14 21:57:24');
    
    INSERT INTO Users (UserID, Name, Email, Password, ProfilePicture, DateOfBirth, Bio, PointsBalance, CreatedAt, UpdatedAt)
    VALUES (9, 'Marcus Coleman', 'yvonne09@ellison.info', 'N68oZgVd%#', 'https://www.lorempixel.com/18/840',
    '1988-04-10', 'Laugh cause usually listen once. Available wide everything far. Sea cut science.
Fact dark get economic hear without. West cold thank. Beat sit then speech.', 245, '2024-06-14 13:00:23', '2024-12-19 07:07:59');
    
    INSERT INTO Users (UserID, Name, Email, Password, ProfilePicture, DateOfBirth, Bio, PointsBalance, CreatedAt, UpdatedAt)
    VALUES (10, 'Brenda Adams', 'mgreer@walter-martin.com', '+5ThYpqBa&', 'https://dummyimage.com/731x1002',
    '1971-11-04', 'School well whether sit news. Night major receive decade.
Dinner what southern sure audience what. Too though officer. High building notice another speak energy laugh.', 429, '2024-02-01 06:36:06', '2024-07-20 18:21:40');
    
    INSERT INTO Users (UserID, Name, Email, Password, ProfilePicture, DateOfBirth, Bio, PointsBalance, CreatedAt, UpdatedAt)
    VALUES (11, 'Tyler Donovan', 'maythomas@hall-serrano.com', 'a&NONcAG$8', 'https://placeimg.com/964/158/any',
    '1982-02-05', 'Institution speech manage vote wonder. Direction sense believe skin final environment will. Will stock read house court.', 357, '2024-06-24 01:20:10', '2024-07-07 19:56:30');
    
    INSERT INTO Users (UserID, Name, Email, Password, ProfilePicture, DateOfBirth, Bio, PointsBalance, CreatedAt, UpdatedAt)
    VALUES (12, 'Robert Carroll', 'schultzcharles@burns-morgan.com', 'opv)15Xtc7', 'https://placeimg.com/974/317/any',
    '1977-09-20', 'Detail stay player create ahead face base speech. Gun company money couple person. Trip maintain important design although than.', 375, '2024-09-07 20:22:54', '2024-01-28 02:26:39');
    
    INSERT INTO Users (UserID, Name, Email, Password, ProfilePicture, DateOfBirth, Bio, PointsBalance, CreatedAt, UpdatedAt)
    VALUES (13, 'Reginald Lewis', 'mark71@gmail.com', '^70x_I!u8G', 'https://placeimg.com/100/953/any',
    '1963-11-15', 'Thank that language wrong alone. However whatever newspaper trial country go leave test.
Benefit yeah strong knowledge. On meeting stock catch citizen. Stay argue far plan.', 350, '2024-05-10 22:28:50', '2024-01-08 06:20:43');
    
    INSERT INTO Users (UserID, Name, Email, Password, ProfilePicture, DateOfBirth, Bio, PointsBalance, CreatedAt, UpdatedAt)
    VALUES (14, 'Amy Anderson', 'jesusdouglas@campbell.com', '+8vzoTXtZy', 'https://placekitten.com/416/793',
    '1964-11-12', 'Shake wait he crime be must. Example focus soon more lay anything.', 465, '2024-03-05 06:34:05', '2024-06-22 23:17:29');
    
    INSERT INTO Users (UserID, Name, Email, Password, ProfilePicture, DateOfBirth, Bio, PointsBalance, CreatedAt, UpdatedAt)
    VALUES (15, 'Todd Lopez', 'brandon44@gmail.com', 'Ax8Pae8q+*', 'https://dummyimage.com/239x51',
    '1984-07-20', 'Read specific music why. Write gun bad eight thing politics red prevent. Trip chair performance hotel.
Job least prevent someone. Force raise too those clearly because.', 351, '2024-09-08 16:36:19', '2024-10-08 18:59:32');
    
    INSERT INTO Users (UserID, Name, Email, Password, ProfilePicture, DateOfBirth, Bio, PointsBalance, CreatedAt, UpdatedAt)
    VALUES (16, 'Alicia Love', 'phillipnixon@gmail.com', 'XHcUXwxJ_0', 'https://placekitten.com/495/855',
    '1986-09-12', 'School music close specific. Institution short against tree different. Our begin myself more.
Window note key fact with. Research treatment cost with.', 244, '2024-10-05 23:45:48', '2024-07-09 01:41:45');
    
    INSERT INTO Users (UserID, Name, Email, Password, ProfilePicture, DateOfBirth, Bio, PointsBalance, CreatedAt, UpdatedAt)
    VALUES (17, 'Paul Young', 'hollandjonathan@hotmail.com', '&g7A1jhe#z', 'https://placeimg.com/782/107/any',
    '1991-06-01', 'Particularly degree decade across place unit. Still sea some already large. Rest ten go specific.', 499, '2024-12-22 07:04:45', '2024-05-07 16:38:24');
    
    INSERT INTO Users (UserID, Name, Email, Password, ProfilePicture, DateOfBirth, Bio, PointsBalance, CreatedAt, UpdatedAt)
    VALUES (18, 'Shelly Holder', 'ryan27@griffin.info', 'Uiwnt48j%2', 'https://placeimg.com/315/999/any',
    '1981-06-11', 'Stuff show condition east.
Seven line its ok. Partner interview window trip majority. Fine guy past hit plant.', 363, '2024-03-20 22:42:20', '2024-12-04 14:32:31');
    
    INSERT INTO Users (UserID, Name, Email, Password, ProfilePicture, DateOfBirth, Bio, PointsBalance, CreatedAt, UpdatedAt)
    VALUES (19, 'Gregory Thompson', 'shanestrong@taylor-patterson.com', '%uNNMZM3$5', 'https://placeimg.com/766/812/any',
    '1995-10-27', 'Range help article act offer.
Economic view available personal mind wide. Event present improve from laugh.', 71, '2024-01-30 07:02:40', '2024-02-27 01:12:49');
    
    INSERT INTO Users (UserID, Name, Email, Password, ProfilePicture, DateOfBirth, Bio, PointsBalance, CreatedAt, UpdatedAt)
    VALUES (20, 'Matthew Morgan', 'frankcollins@watkins.info', '(VL$6FepK&', 'https://dummyimage.com/825x883',
    '1967-04-21', 'Allow church time imagine fear. Argue like project play section several dog. Because car suffer point apply scene staff.', 28, '2024-02-22 23:40:20', '2024-05-29 05:45:21');
    
    INSERT INTO Users (UserID, Name, Email, Password, ProfilePicture, DateOfBirth, Bio, PointsBalance, CreatedAt, UpdatedAt)
    VALUES (21, 'Ryan Marshall', 'mbridges@yahoo.com', 'usBYB)Sa#4', 'https://www.lorempixel.com/259/685',
    '1971-04-03', 'Response term enter father alone more market inside. Gun through subject stop describe someone piece.', 328, '2024-01-01 18:56:21', '2024-02-15 03:24:05');
    
    INSERT INTO Users (UserID, Name, Email, Password, ProfilePicture, DateOfBirth, Bio, PointsBalance, CreatedAt, UpdatedAt)
    VALUES (22, 'David White', 'stephenhaney@hotmail.com', '*6xI#YVto1', 'https://www.lorempixel.com/133/379',
    '1983-05-23', 'Forward box where eye finish man. Adult possible feel federal guy. Away get national analysis these least. Institution name cover available put chance if city.', 45, '2024-01-09 10:24:25', '2024-04-07 17:34:30');
    
    INSERT INTO Users (UserID, Name, Email, Password, ProfilePicture, DateOfBirth, Bio, PointsBalance, CreatedAt, UpdatedAt)
    VALUES (23, 'Jennifer Bush', 'dpollard@baldwin.com', 'JtO4LDcSR%', 'https://placekitten.com/233/865',
    '1979-08-29', 'Than official rest itself. Middle international miss final standard oil list. Hour board offer yard develop do begin country.
Focus never your carry mouth. Despite really claim phone check majority.', 246, '2024-11-17 05:58:17', '2024-09-09 21:29:25');
    
    INSERT INTO Users (UserID, Name, Email, Password, ProfilePicture, DateOfBirth, Bio, PointsBalance, CreatedAt, UpdatedAt)
    VALUES (24, 'Christopher Tate', 'tiffany09@hotmail.com', '*6bUoD%s^8', 'https://www.lorempixel.com/674/904',
    '1960-03-16', 'Democratic in base voice white break sort. Staff professional nor war company these.
Player ten tough method discussion behind group. Born example century. Fast have system system.', 153, '2024-12-10 12:05:14', '2024-08-09 07:13:55');
    
    INSERT INTO Users (UserID, Name, Email, Password, ProfilePicture, DateOfBirth, Bio, PointsBalance, CreatedAt, UpdatedAt)
    VALUES (25, 'Sandra Smith', 'wilsonjennifer@hawkins-bray.com', '(LF&!7Vcom', 'https://placeimg.com/529/463/any',
    '1982-11-05', 'Coach necessary hotel she economy.
Five street eat whole southern. Explain material few front white.', 353, '2024-05-04 02:33:46', '2024-10-10 23:51:01');
    
    INSERT INTO Users (UserID, Name, Email, Password, ProfilePicture, DateOfBirth, Bio, PointsBalance, CreatedAt, UpdatedAt)
    VALUES (26, 'Daniel Hall', 'lindseytimothy@mata.org', 'u27iSkmg%6', 'https://www.lorempixel.com/694/902',
    '1974-12-20', 'Performance you fly watch serve affect. Walk him call already reach game. Sense like media general general provide beyond.
Mission serious pass art study where. Really bar several expect.', 299, '2024-06-27 21:11:03', '2024-06-08 09:35:19');
    
    INSERT INTO Users (UserID, Name, Email, Password, ProfilePicture, DateOfBirth, Bio, PointsBalance, CreatedAt, UpdatedAt)
    VALUES (27, 'Roger Pearson', 'noah41@yahoo.com', '+(Rjfh)R&9', 'https://www.lorempixel.com/409/148',
    '1959-01-21', 'Fire environment unit will force among. Prevent government just south.
Specific consider traditional themselves nice certain down. Get several firm ago. Piece interest weight wish develop dinner.', 388, '2024-11-07 22:12:46', '2024-03-05 04:30:08');
    
    INSERT INTO Users (UserID, Name, Email, Password, ProfilePicture, DateOfBirth, Bio, PointsBalance, CreatedAt, UpdatedAt)
    VALUES (28, 'Ryan Mercado', 'jordanbrian@gmail.com', 'i!2C)Wypi^', 'https://www.lorempixel.com/762/687',
    '1968-08-26', 'Real market teacher decade. Democrat white still design stock know. Look all around analysis.', 433, '2024-11-01 02:32:49', '2024-09-10 11:32:57');
    
    INSERT INTO Users (UserID, Name, Email, Password, ProfilePicture, DateOfBirth, Bio, PointsBalance, CreatedAt, UpdatedAt)
    VALUES (29, 'Melanie Gutierrez', 'kleinjames@gmail.com', '*7CCSHsmNZ', 'https://placeimg.com/845/593/any',
    '1964-04-19', 'Resource page stand difference.
Too they increase author campaign report position create. Feel source whose account sister wait. Senior what some heart down cut.', 347, '2024-05-31 09:37:28', '2024-01-31 19:02:37');
    
    INSERT INTO Users (UserID, Name, Email, Password, ProfilePicture, DateOfBirth, Bio, PointsBalance, CreatedAt, UpdatedAt)
    VALUES (30, 'Connor Anderson', 'bhayes@sawyer.info', 'FM7&3Ozqb!', 'https://placekitten.com/607/831',
    '1990-04-03', 'Hard ball democratic drug war enough piece. Shoulder note color mission participant oil win already.
Eye leader help positive leader. Your nothing hair sister.', 411, '2024-07-12 22:30:23', '2024-06-08 07:08:34');
    
    INSERT INTO Users (UserID, Name, Email, Password, ProfilePicture, DateOfBirth, Bio, PointsBalance, CreatedAt, UpdatedAt)
    VALUES (31, 'Amanda Vance', 'daviswesley@smith.info', '^3Sjnu9obg', 'https://dummyimage.com/863x286',
    '1964-03-18', 'Try popular agree agreement send not. Right truth beyond marriage movement center while. Trip leader subject administration apply job information.', 197, '2024-05-12 06:11:36', '2024-05-09 23:02:08');
    
    INSERT INTO Users (UserID, Name, Email, Password, ProfilePicture, DateOfBirth, Bio, PointsBalance, CreatedAt, UpdatedAt)
    VALUES (32, 'John Tanner', 'courtney30@hunter.com', 'gq5gcUdg*2', 'https://www.lorempixel.com/122/217',
    '1999-05-07', 'Attack sign management go different success less. American few understand tend. Seek design leader whole happy military area head. Animal personal you rest sell fact.', 22, '2024-05-22 03:10:57', '2024-04-13 09:09:32');
    
    INSERT INTO Users (UserID, Name, Email, Password, ProfilePicture, DateOfBirth, Bio, PointsBalance, CreatedAt, UpdatedAt)
    VALUES (33, 'Barbara Cruz', 'amygordon@whitehead-ramos.org', 'US7pCmcQ$_', 'https://placeimg.com/137/311/any',
    '1980-03-30', 'American sometimes low single hard attention red. Standard think site painting.
Society here have back fast. Trouble same responsibility upon feeling news chance.', 95, '2024-02-20 04:42:46', '2024-02-14 16:53:38');
    
    INSERT INTO Users (UserID, Name, Email, Password, ProfilePicture, DateOfBirth, Bio, PointsBalance, CreatedAt, UpdatedAt)
    VALUES (34, 'Robin Wyatt', 'brucepamela@morales.biz', '%2CZ3cps*^', 'https://placekitten.com/617/172',
    '1977-07-22', 'Product cold deep themselves do know sister send. Success because rather. Difference hit sell country fact picture visit. Parent response history baby national.', 81, '2024-03-31 06:19:55', '2024-04-13 11:19:59');
    
    INSERT INTO Users (UserID, Name, Email, Password, ProfilePicture, DateOfBirth, Bio, PointsBalance, CreatedAt, UpdatedAt)
    VALUES (35, 'Brianna Wright', 'mmiller@hart-rodriguez.org', '^0aNW6sYZL', 'https://placeimg.com/617/7/any',
    '1974-03-16', 'Page rock central turn. Lay certainly manager result.
Class company question politics. News either them American enough.', 361, '2024-04-11 17:30:03', '2024-11-08 03:16:47');
    
    INSERT INTO Users (UserID, Name, Email, Password, ProfilePicture, DateOfBirth, Bio, PointsBalance, CreatedAt, UpdatedAt)
    VALUES (36, 'Chad Morgan', 'brandon81@conner-ford.com', '*K*4J#hlK%', 'https://placekitten.com/680/528',
    '1996-07-25', 'Law data night. Young easy once weight. Throughout they interest.
Thank large yard fight later small decision. Tonight ahead she food some.', 229, '2024-10-12 02:45:37', '2024-12-03 04:53:50');
    
    INSERT INTO Users (UserID, Name, Email, Password, ProfilePicture, DateOfBirth, Bio, PointsBalance, CreatedAt, UpdatedAt)
    VALUES (37, 'Daniel Lowe', 'allen85@wheeler.info', '&OUcV5hG@6', 'https://www.lorempixel.com/461/159',
    '1972-03-14', 'Tough difficult art east record. Lead walk example send light. Poor safe heavy we day ever make.
Why throughout enjoy when field. Size use factor million soon. Tend work these boy training house.', 3, '2024-02-07 19:44:38', '2024-02-11 21:11:25');
    
    INSERT INTO Users (UserID, Name, Email, Password, ProfilePicture, DateOfBirth, Bio, PointsBalance, CreatedAt, UpdatedAt)
    VALUES (38, 'Gary Moore', 'bwells@hotmail.com', 'u8(nBWOi^t', 'https://placeimg.com/18/524/any',
    '2001-07-21', 'Throw we field peace. Section lot surface begin.
Cultural green old sure mother. War town house exactly ask fight he agree.', 306, '2024-11-26 23:23:04', '2024-01-03 16:50:26');
    
    INSERT INTO Users (UserID, Name, Email, Password, ProfilePicture, DateOfBirth, Bio, PointsBalance, CreatedAt, UpdatedAt)
    VALUES (39, 'Ashley Mclean', 'anthonycain@mckenzie.com', 'b+)4aIpBFa', 'https://placekitten.com/77/2',
    '1968-08-29', 'Rate American themselves close child. Republican likely carry country recently make across contain. Activity technology think total. Song he field health better animal.', 477, '2024-12-08 11:08:26', '2024-02-13 10:04:57');
    
    INSERT INTO Users (UserID, Name, Email, Password, ProfilePicture, DateOfBirth, Bio, PointsBalance, CreatedAt, UpdatedAt)
    VALUES (40, 'Brooke Castro', 'chodges@estrada.info', 'Le%5Vh8g#_', 'https://www.lorempixel.com/125/434',
    '2005-02-26', 'Inside color act that right shoulder which. Finally job exactly.
Amount pick but yet woman.
Time mother pattern school really. Human food who drive.
Both from allow sport nor key. City apply message.', 72, '2024-02-14 11:43:50', '2024-02-16 10:19:11');
    
    INSERT INTO Users (UserID, Name, Email, Password, ProfilePicture, DateOfBirth, Bio, PointsBalance, CreatedAt, UpdatedAt)
    VALUES (41, 'Linda Leonard', 'jerry48@hotmail.com', 'XO)p2Hdu++', 'https://dummyimage.com/32x142',
    '1987-10-22', 'Ok middle material remember decision blood can. Sing today suddenly center drug traditional. Official save behavior relate wind early.', 176, '2024-10-03 17:52:21', '2024-07-16 21:01:44');
    
    INSERT INTO Users (UserID, Name, Email, Password, ProfilePicture, DateOfBirth, Bio, PointsBalance, CreatedAt, UpdatedAt)
    VALUES (42, 'Jason Ball', 'shaunwhitaker@welch.net', '#W)4FVkG@O', 'https://www.lorempixel.com/908/222',
    '1971-09-29', 'Particular game evening last. Visit religious newspaper institution. That miss wife determine involve discussion. Station may rest join service.', 272, '2024-07-21 21:06:27', '2024-04-02 11:34:35');
    
    INSERT INTO Users (UserID, Name, Email, Password, ProfilePicture, DateOfBirth, Bio, PointsBalance, CreatedAt, UpdatedAt)
    VALUES (43, 'Renee Allen', 'ejones@fitzgerald.com', 'l1Z@v4NpwJ', 'https://placekitten.com/849/322',
    '1964-10-10', 'Air tend moment stock activity party PM. Ok different most pull. Front available table by during relationship almost.', 475, '2024-10-20 12:38:29', '2024-06-01 04:03:45');
    
    INSERT INTO Users (UserID, Name, Email, Password, ProfilePicture, DateOfBirth, Bio, PointsBalance, CreatedAt, UpdatedAt)
    VALUES (44, 'Joanna Butler', 'spark@gmail.com', '9@SVyHDk@H', 'https://www.lorempixel.com/901/444',
    '1968-03-23', 'Involve candidate experience night environment draw. Writer spring be stay.
Cause remain writer spring. Finally light lose spring attorney two in police.', 26, '2024-02-05 04:19:57', '2024-07-11 02:18:35');
    
    INSERT INTO Users (UserID, Name, Email, Password, ProfilePicture, DateOfBirth, Bio, PointsBalance, CreatedAt, UpdatedAt)
    VALUES (45, 'Molly Johnson', 'reginaanderson@hotmail.com', 'A%69A#2t#0', 'https://placeimg.com/728/214/any',
    '1994-12-27', 'Buy manager manage head. Machine yeah your great. Money collection security build. Board policy spring history building box.', 470, '2024-12-07 19:55:21', '2024-11-03 10:09:07');
    
    INSERT INTO Users (UserID, Name, Email, Password, ProfilePicture, DateOfBirth, Bio, PointsBalance, CreatedAt, UpdatedAt)
    VALUES (46, 'Tracy Griffin', 'michaellee@hotmail.com', '((I3uG^!!x', 'https://dummyimage.com/957x592',
    '1972-01-26', 'Hospital dog company church area both teach.
Option gun itself central lead. Describe executive cup imagine parent person capital. Serious size price medical.', 469, '2024-03-07 01:53:50', '2024-10-08 12:13:24');
    
    INSERT INTO Users (UserID, Name, Email, Password, ProfilePicture, DateOfBirth, Bio, PointsBalance, CreatedAt, UpdatedAt)
    VALUES (47, 'Crystal Anderson', 'sjones@gmail.com', '@^3QP(siDO', 'https://placeimg.com/668/174/any',
    '1959-03-05', 'White determine should none. Might indicate character small develop.
Behind try economy college light century. Central writer clearly result cause exist game.', 369, '2024-06-03 22:34:14', '2024-09-30 13:22:40');
    
    INSERT INTO Users (UserID, Name, Email, Password, ProfilePicture, DateOfBirth, Bio, PointsBalance, CreatedAt, UpdatedAt)
    VALUES (48, 'Keith Jones', 'jchambers@yahoo.com', 'HFQ7Rm)%*T', 'https://dummyimage.com/543x967',
    '1996-11-26', 'My around already read by kind. Exist own heavy soldier daughter sport since.
Side class huge system customer over remember. Miss science provide end appear local after plant.', 96, '2024-05-15 21:51:32', '2024-02-29 02:41:36');
    
    INSERT INTO Users (UserID, Name, Email, Password, ProfilePicture, DateOfBirth, Bio, PointsBalance, CreatedAt, UpdatedAt)
    VALUES (49, 'Roger Gilbert', 'christophergentry@gmail.com', 'YjSw5ToR&4', 'https://www.lorempixel.com/863/654',
    '2006-01-26', 'Society opportunity attorney fill million carry read. Already federal truth hard middle.
Play order care price. Fire month agency western.', 296, '2024-04-25 15:34:17', '2024-08-28 21:54:46');
    
    INSERT INTO Users (UserID, Name, Email, Password, ProfilePicture, DateOfBirth, Bio, PointsBalance, CreatedAt, UpdatedAt)
    VALUES (50, 'Jeanette Figueroa', 'ucampbell@yahoo.com', 'f6vQ8#ng&1', 'https://placeimg.com/479/395/any',
    '1994-06-23', 'Be specific agree weight still. After as force owner majority soldier name wall.
Surface six usually third likely skill get. Step its traditional live artist character.', 239, '2024-08-04 19:02:16', '2024-03-15 19:23:46');
    
    INSERT INTO Users (UserID, Name, Email, Password, ProfilePicture, DateOfBirth, Bio, PointsBalance, CreatedAt, UpdatedAt)
    VALUES (51, 'Jonathan Dominguez', 'kevin37@gmail.com', '$bIv@ZS6Z9', 'https://www.lorempixel.com/779/467',
    '1961-06-17', 'Conference father relate government artist style chance.
Man several less bed wear adult per. Continue man add stand. Mouth election response.', 418, '2024-07-13 03:56:45', '2024-02-25 18:03:34');
    
    INSERT INTO Users (UserID, Name, Email, Password, ProfilePicture, DateOfBirth, Bio, PointsBalance, CreatedAt, UpdatedAt)
    VALUES (52, 'Shannon Edwards', 'simpsoncaitlin@sawyer.com', '^w%V4&Se37', 'https://placekitten.com/910/218',
    '2003-10-03', 'Arrive again religious establish. Second what training front if station.
Hospital hard suddenly yard. Provide raise interview record a analysis everything will. Ahead media the establish day.', 355, '2024-01-29 02:23:09', '2024-08-07 00:01:28');
    
    INSERT INTO Users (UserID, Name, Email, Password, ProfilePicture, DateOfBirth, Bio, PointsBalance, CreatedAt, UpdatedAt)
    VALUES (53, 'Theresa Estrada', 'awilliams@hayes-williams.org', 'P&Lm@Tnu*7', 'https://www.lorempixel.com/546/926',
    '1972-03-03', 'Pm goal court gun. Commercial discussion next. Take not area.
Evening resource offer ball. Study movie live move.
Type two strategy senior science. Common agency teacher.', 14, '2024-10-13 15:19:00', '2024-10-17 10:13:06');
    
    INSERT INTO Users (UserID, Name, Email, Password, ProfilePicture, DateOfBirth, Bio, PointsBalance, CreatedAt, UpdatedAt)
    VALUES (54, 'Scott Rivera', 'nicholaslee@davila.com', '%kt@JtKSX0', 'https://dummyimage.com/400x580',
    '1969-05-30', 'Mean ground outside somebody government establish class. Door second air stage. Administration step figure fly.', 202, '2024-06-18 00:23:13', '2024-07-20 22:05:26');
    
    INSERT INTO Users (UserID, Name, Email, Password, ProfilePicture, DateOfBirth, Bio, PointsBalance, CreatedAt, UpdatedAt)
    VALUES (55, 'Clarence Davidson', 'agreene@kelly-velez.com', '@Uqe)3Vr#F', 'https://placeimg.com/320/486/any',
    '1995-12-14', 'Summer ability detail write piece responsibility. Thing add their much single act.
Hope cost strong goal call. Worker power range.', 282, '2024-07-28 00:31:12', '2024-07-12 10:33:04');
    
    INSERT INTO Users (UserID, Name, Email, Password, ProfilePicture, DateOfBirth, Bio, PointsBalance, CreatedAt, UpdatedAt)
    VALUES (56, 'Daniel Sharp', 'justinsanders@gmail.com', '9R4F!Cjg*o', 'https://placekitten.com/699/144',
    '1999-03-16', 'My area shake without figure. Keep accept life moment ahead night.
There especially vote catch task allow police not. Past at play say dinner kitchen become.', 450, '2024-07-19 21:03:40', '2024-05-01 00:55:26');
    
    INSERT INTO Users (UserID, Name, Email, Password, ProfilePicture, DateOfBirth, Bio, PointsBalance, CreatedAt, UpdatedAt)
    VALUES (57, 'Sherry Jenkins', 'cunninghammegan@garcia.com', 'tkgzsLTI@8', 'https://placeimg.com/526/1000/any',
    '2005-12-10', 'Actually put soldier seven. Pressure former outside these.
Part feel base task describe service media. Important require four without admit. Fear else wish.', 253, '2024-08-14 04:02:02', '2024-06-07 11:42:32');
    
    INSERT INTO Users (UserID, Name, Email, Password, ProfilePicture, DateOfBirth, Bio, PointsBalance, CreatedAt, UpdatedAt)
    VALUES (58, 'Victoria Espinoza', 'mollyortega@hotmail.com', '*rRKfhmb$6', 'https://www.lorempixel.com/65/209',
    '2000-03-13', 'Both thus national avoid could. In where view.
Hear yet them itself push name beat. East young book human strong.', 26, '2024-09-11 19:26:00', '2024-12-19 18:29:26');
    
    INSERT INTO Users (UserID, Name, Email, Password, ProfilePicture, DateOfBirth, Bio, PointsBalance, CreatedAt, UpdatedAt)
    VALUES (59, 'Janice White', 'william97@martinez.com', '1uKm)y1w&t', 'https://placeimg.com/102/670/any',
    '1975-01-23', 'Let consumer along themselves stuff choice. Feeling cost meet artist least nature provide current. Certainly capital necessary president heart firm learn.', 94, '2024-05-26 01:37:40', '2024-01-15 03:21:21');
    
    INSERT INTO Users (UserID, Name, Email, Password, ProfilePicture, DateOfBirth, Bio, PointsBalance, CreatedAt, UpdatedAt)
    VALUES (60, 'Nicholas Smith', 'ubrooks@gmail.com', '*w7fRRrp$y', 'https://placeimg.com/565/375/any',
    '1965-08-13', 'Adult throw here forget dream. Idea he region law find former. Wait Republican because.
During exist send. Note tax my blood great friend process.', 113, '2024-10-05 14:17:51', '2024-10-23 01:57:31');
    
    INSERT INTO Users (UserID, Name, Email, Password, ProfilePicture, DateOfBirth, Bio, PointsBalance, CreatedAt, UpdatedAt)
    VALUES (61, 'John Powers', 'dylan77@bradley.com', 'ASS4HCdsC%', 'https://www.lorempixel.com/828/198',
    '1983-01-04', 'Fact fine sing necessary hard heart. Organization power institution agency indeed artist. Box forward charge.', 182, '2024-04-10 14:43:56', '2024-03-02 00:22:59');
    
    INSERT INTO Users (UserID, Name, Email, Password, ProfilePicture, DateOfBirth, Bio, PointsBalance, CreatedAt, UpdatedAt)
    VALUES (62, 'William White', 'mjohnston@hotmail.com', '@0rXwp$c^4', 'https://www.lorempixel.com/130/216',
    '1982-09-13', 'Culture few white face avoid year.
Though behind almost test put learn step. Remember add account less upon question PM ahead.', 392, '2024-02-07 15:28:55', '2024-10-14 04:38:20');
    
    INSERT INTO Users (UserID, Name, Email, Password, ProfilePicture, DateOfBirth, Bio, PointsBalance, CreatedAt, UpdatedAt)
    VALUES (63, 'John Caldwell', 'brenda05@hotmail.com', '&+7NzOgB3U', 'https://www.lorempixel.com/658/595',
    '2006-01-23', 'Arrive government child not southern speech small. Thank second yes until Democrat.
Individual piece myself truth. Radio bill nature including thought.', 85, '2024-01-21 22:18:21', '2024-07-05 10:44:20');
    
    INSERT INTO Users (UserID, Name, Email, Password, ProfilePicture, DateOfBirth, Bio, PointsBalance, CreatedAt, UpdatedAt)
    VALUES (64, 'Martha Hernandez', 'jlove@yahoo.com', ')Bn@L_Qwb0', 'https://dummyimage.com/846x754',
    '1961-03-20', 'Own type end interest. Bit begin wonder so apply prevent position form. Stuff movie study ask station view suggest. Near action half indeed including physical.', 482, '2024-08-05 18:21:25', '2024-08-12 17:00:58');
    
    INSERT INTO Users (UserID, Name, Email, Password, ProfilePicture, DateOfBirth, Bio, PointsBalance, CreatedAt, UpdatedAt)
    VALUES (65, 'Elizabeth Macias', 'lsanchez@yahoo.com', '%r9%4Fx*4r', 'https://placeimg.com/738/247/any',
    '1991-06-21', 'Agreement drug sign public activity about on. Himself real others technology.', 427, '2024-07-10 06:42:04', '2024-05-24 00:25:58');
    
    INSERT INTO Users (UserID, Name, Email, Password, ProfilePicture, DateOfBirth, Bio, PointsBalance, CreatedAt, UpdatedAt)
    VALUES (66, 'Kimberly May', 'fneal@hotmail.com', 'zsAG_SPt!9', 'https://placeimg.com/612/436/any',
    '1960-10-28', 'Try difference certainly upon wide its fly. Office customer leave bar base her friend break. Still defense read who us tell leave.
After lay great history.', 130, '2024-06-23 19:23:32', '2024-02-01 13:35:39');
    
    INSERT INTO Users (UserID, Name, Email, Password, ProfilePicture, DateOfBirth, Bio, PointsBalance, CreatedAt, UpdatedAt)
    VALUES (67, 'James Roman', 'mcgeerichard@hotmail.com', '^R&W6@er*3', 'https://dummyimage.com/165x779',
    '1977-04-14', 'Science ago mouth store. Next watch appear strategy yard pass. Friend fly beat property attorney.
Also minute whom threat student. Fund white someone laugh tough fill design.', 151, '2024-11-21 02:53:52', '2024-08-06 09:12:10');
    
    INSERT INTO Users (UserID, Name, Email, Password, ProfilePicture, DateOfBirth, Bio, PointsBalance, CreatedAt, UpdatedAt)
    VALUES (68, 'Charles Greer', 'tturner@andrews.com', 'F!0&J8^e&u', 'https://placekitten.com/952/651',
    '1974-12-20', 'Discover from method single heavy. Candidate light their husband important.
Even provide our watch stand page. Fish body hope land.', 205, '2024-05-20 07:11:44', '2024-02-24 02:25:38');
    
    INSERT INTO Users (UserID, Name, Email, Password, ProfilePicture, DateOfBirth, Bio, PointsBalance, CreatedAt, UpdatedAt)
    VALUES (69, 'April Johnson', 'abush@porter.com', '^1q#M5mxqc', 'https://placekitten.com/913/271',
    '1973-08-15', 'Power throw hear. Rest budget short professional. Painting political on PM continue.
Write million his seven piece.', 131, '2024-04-01 22:21:52', '2024-11-14 06:52:25');
    
    INSERT INTO Users (UserID, Name, Email, Password, ProfilePicture, DateOfBirth, Bio, PointsBalance, CreatedAt, UpdatedAt)
    VALUES (70, 'Cindy Ramirez', 'robert01@yahoo.com', '(Zl23FtUUe', 'https://dummyimage.com/546x328',
    '1981-03-08', 'Consumer baby may true. Finish director source. Believe since top whatever heart food. Hope him throw billion not.', 271, '2024-03-24 02:37:08', '2024-06-29 06:29:40');
    
    INSERT INTO Users (UserID, Name, Email, Password, ProfilePicture, DateOfBirth, Bio, PointsBalance, CreatedAt, UpdatedAt)
    VALUES (71, 'Joseph Nunez PhD', 'wadejill@walker.info', '@H8V6s4@F7', 'https://placekitten.com/471/842',
    '1966-05-02', 'Scene event responsibility. Form western service particularly.
Quickly recent amount. Box fall open already car region claim.
Opportunity vote bag six will. Surface room former.', 11, '2024-08-06 20:57:52', '2024-10-16 01:20:16');
    
    INSERT INTO Users (UserID, Name, Email, Password, ProfilePicture, DateOfBirth, Bio, PointsBalance, CreatedAt, UpdatedAt)
    VALUES (72, 'Clifford Lucero', 'emily48@yahoo.com', '&)7HLq#s_I', 'https://placeimg.com/719/195/any',
    '2001-08-13', 'Red appear case her. Perhaps happy war trade community well friend. Four young seem will.', 183, '2024-07-07 19:40:30', '2024-12-23 15:57:42');
    
    INSERT INTO Users (UserID, Name, Email, Password, ProfilePicture, DateOfBirth, Bio, PointsBalance, CreatedAt, UpdatedAt)
    VALUES (73, 'Raven Williams', 'adriana75@yahoo.com', '@W8*)1jSi^', 'https://dummyimage.com/754x106',
    '1971-12-25', 'What both campaign response guy clearly least. A center sure himself college individual.
Make appear officer hair enter. Determine require knowledge.', 329, '2024-02-09 18:39:55', '2024-08-13 09:31:56');
    
    INSERT INTO Users (UserID, Name, Email, Password, ProfilePicture, DateOfBirth, Bio, PointsBalance, CreatedAt, UpdatedAt)
    VALUES (74, 'Amy Gomez', 'gregorychambers@mcmillan.com', 'A)3tTHSkfX', 'https://placeimg.com/988/557/any',
    '1961-02-25', 'Their prove during month. Several official deep someone enter method. Image protect sport growth financial. Make factor task end decade final.', 327, '2024-06-22 10:36:01', '2024-05-25 06:36:15');
    
    INSERT INTO Users (UserID, Name, Email, Password, ProfilePicture, DateOfBirth, Bio, PointsBalance, CreatedAt, UpdatedAt)
    VALUES (75, 'Linda Riggs', 'hthomas@hotmail.com', '9f5KRa7JM&', 'https://placeimg.com/96/983/any',
    '1972-08-31', 'Argue what fall thought opportunity old radio somebody. Notice like certainly parent if relate.', 164, '2024-07-24 14:49:38', '2024-10-09 11:27:59');
    
    INSERT INTO Users (UserID, Name, Email, Password, ProfilePicture, DateOfBirth, Bio, PointsBalance, CreatedAt, UpdatedAt)
    VALUES (76, 'Margaret Moreno', 'stephaniehouse@clay.com', '&EoVo8Yy7*', 'https://www.lorempixel.com/135/492',
    '1976-10-06', 'Box everything situation worry social must. Interest network summer house how.
Ever as available several social career phone. It top unit size catch ten five least.', 2, '2024-05-13 18:10:34', '2024-12-24 20:24:42');
    
    INSERT INTO Users (UserID, Name, Email, Password, ProfilePicture, DateOfBirth, Bio, PointsBalance, CreatedAt, UpdatedAt)
    VALUES (77, 'Mario Anderson', 'rebecca76@gmail.com', 'Xq%9JlIecj', 'https://placekitten.com/93/258',
    '1980-07-03', 'Onto enough Mrs over. Factor short hour hotel ready teach wonder walk. Analysis thus despite great senior either.
Surface oil structure few. Together likely six low work soldier.', 130, '2024-03-16 01:55:26', '2024-10-20 19:52:23');
    
    INSERT INTO Users (UserID, Name, Email, Password, ProfilePicture, DateOfBirth, Bio, PointsBalance, CreatedAt, UpdatedAt)
    VALUES (78, 'Lindsey Boone', 'acastaneda@williams.org', '+s3%9BzZkB', 'https://placeimg.com/735/850/any',
    '1989-10-26', 'Along such management may mean case clearly real. Realize science must expert road forget.
Which never speech statement fill edge million coach.', 303, '2024-05-03 00:18:56', '2024-06-11 15:24:30');
    
    INSERT INTO Users (UserID, Name, Email, Password, ProfilePicture, DateOfBirth, Bio, PointsBalance, CreatedAt, UpdatedAt)
    VALUES (79, 'Connie Richards', 'njohnson@bruce.com', 'n1@45&DfFm', 'https://www.lorempixel.com/418/476',
    '1993-10-31', 'Arrive community doctor sense few cause. Response office these choice situation such.
Eight live though Mr note effect. Follow seven employee fall marriage. Late I consumer hit fact move benefit.', 445, '2024-08-11 08:12:09', '2024-01-08 04:22:29');
    
    INSERT INTO Users (UserID, Name, Email, Password, ProfilePicture, DateOfBirth, Bio, PointsBalance, CreatedAt, UpdatedAt)
    VALUES (80, 'Tammy Nunez', 'jenkinssandra@yahoo.com', 'e2dAqjoQ!#', 'https://placekitten.com/93/967',
    '1968-10-02', 'Fear campaign notice down number heavy heavy. Prevent second help president agree painting. Available pass course.
Prepare drug the type. Low century firm important control will.', 323, '2024-10-11 06:38:19', '2024-06-21 09:39:52');
    
    INSERT INTO Users (UserID, Name, Email, Password, ProfilePicture, DateOfBirth, Bio, PointsBalance, CreatedAt, UpdatedAt)
    VALUES (81, 'Daniel Wilkins', 'xdonovan@patel-wilson.com', 'DZ8(Upt2_W', 'https://placekitten.com/11/36',
    '2000-08-26', 'Maintain matter simple walk. Wind the test citizen maybe sing offer five. Cost customer career.
Field whatever fire street others if. Describe they prove body entire let cause.', 87, '2024-11-18 00:55:34', '2024-12-14 17:17:55');
    
    INSERT INTO Users (UserID, Name, Email, Password, ProfilePicture, DateOfBirth, Bio, PointsBalance, CreatedAt, UpdatedAt)
    VALUES (82, 'Lisa Osborn', 'amber19@diaz.org', 'j3RbMUry$5', 'https://www.lorempixel.com/488/643',
    '1980-08-04', 'News message federal finish education draw manage.
Single rise care throw. Off interest tend person heart market. Start enjoy thing after.', 299, '2024-11-27 05:33:40', '2024-01-25 00:06:26');
    
    INSERT INTO Users (UserID, Name, Email, Password, ProfilePicture, DateOfBirth, Bio, PointsBalance, CreatedAt, UpdatedAt)
    VALUES (83, 'Matthew Acevedo', 'shannon96@gmail.com', '567GP$hOT^', 'https://placekitten.com/450/438',
    '1962-08-16', 'Sport treatment walk risk. Your however mean interest.
Half police feel opportunity. Might individual condition study. Statement you right west society state. Way avoid manager sure.', 446, '2024-09-27 15:49:15', '2024-03-04 18:37:12');
    
    INSERT INTO Users (UserID, Name, Email, Password, ProfilePicture, DateOfBirth, Bio, PointsBalance, CreatedAt, UpdatedAt)
    VALUES (84, 'James Bradley', 'dgarner@williams.com', 'gU++e$Zp+5', 'https://placeimg.com/833/16/any',
    '1993-08-09', 'Wrong but southern send night table. Drive thus per will. Read century because cell. Hold beyond style ability and president.
Individual happen role interview. Be their century exist.', 401, '2024-11-09 03:05:15', '2024-04-11 20:07:09');
    
    INSERT INTO Users (UserID, Name, Email, Password, ProfilePicture, DateOfBirth, Bio, PointsBalance, CreatedAt, UpdatedAt)
    VALUES (85, 'Megan Moore', 'zwhitney@duran.com', 'V_89Ke+f!a', 'https://placekitten.com/655/571',
    '2003-12-25', 'Me candidate respond eight skill hospital. Interview citizen fast early expert stuff. Worry girl evidence kid message bank along.', 448, '2024-01-10 07:00:43', '2024-03-03 04:42:41');
    
    INSERT INTO Users (UserID, Name, Email, Password, ProfilePicture, DateOfBirth, Bio, PointsBalance, CreatedAt, UpdatedAt)
    VALUES (86, 'Kristina Perez', 'xwhite@mcgrath-newton.com', 'IlYXby5$^8', 'https://www.lorempixel.com/639/563',
    '1983-10-02', 'Wait walk study fire economic. Plant trouble language arm should issue.
Brother American treatment city. Role race alone agent choose radio find.', 424, '2024-11-16 04:04:05', '2024-09-17 23:06:14');
    
    INSERT INTO Users (UserID, Name, Email, Password, ProfilePicture, DateOfBirth, Bio, PointsBalance, CreatedAt, UpdatedAt)
    VALUES (87, 'Jimmy Lewis', 'lawsonrichard@hotmail.com', 'kt)RixKg)3', 'https://placeimg.com/494/182/any',
    '1992-03-31', 'Seem under appear star guy mouth few. Audience result vote.
Follow role who generation decade finally. White necessary total address back image.', 448, '2024-02-11 03:44:32', '2024-10-02 00:01:54');
    
    INSERT INTO Users (UserID, Name, Email, Password, ProfilePicture, DateOfBirth, Bio, PointsBalance, CreatedAt, UpdatedAt)
    VALUES (88, 'James King', 'tayloranthony@bishop-wagner.com', ')pGsKdT0L6', 'https://www.lorempixel.com/642/411',
    '1968-08-24', 'Feel else bad Democrat. Want about walk debate. Coach among must character discussion.
Rise energy camera class oil owner. Maybe help decade true finish.', 42, '2024-04-08 04:18:03', '2024-02-01 01:03:53');
    
    INSERT INTO Users (UserID, Name, Email, Password, ProfilePicture, DateOfBirth, Bio, PointsBalance, CreatedAt, UpdatedAt)
    VALUES (89, 'John Wilson', 'dhill@knox-moreno.info', '9x9G@eeo(v', 'https://www.lorempixel.com/931/888',
    '1995-02-10', 'Left only deal early establish. Kitchen source mean cultural watch according collection.', 304, '2024-03-14 23:39:01', '2024-05-09 05:52:31');
    
    INSERT INTO Users (UserID, Name, Email, Password, ProfilePicture, DateOfBirth, Bio, PointsBalance, CreatedAt, UpdatedAt)
    VALUES (90, 'Tina Turner', 'tony47@hotmail.com', '35^Tysup^T', 'https://www.lorempixel.com/68/16',
    '1986-11-01', 'Language north indeed. Measure show region really.
Treat news free away body yes. Cup manager television month industry stop probably. Soldier once though.', 28, '2024-11-18 08:12:10', '2024-12-18 02:02:12');
    
    INSERT INTO Users (UserID, Name, Email, Password, ProfilePicture, DateOfBirth, Bio, PointsBalance, CreatedAt, UpdatedAt)
    VALUES (91, 'Clinton Rollins', 'daniel57@orr.com', '5t9E)&rU4$', 'https://placeimg.com/952/47/any',
    '1961-11-08', 'Hope tonight ok tax magazine. Her measure this each gun couple store require. Seek read within account shake. Capital paper budget ever join cold you.', 33, '2024-09-25 04:37:49', '2024-04-06 14:33:00');
    
    INSERT INTO Users (UserID, Name, Email, Password, ProfilePicture, DateOfBirth, Bio, PointsBalance, CreatedAt, UpdatedAt)
    VALUES (92, 'Jason Osborne', 'stanleyflores@gmail.com', '&2EDXZsqja', 'https://placeimg.com/248/777/any',
    '1986-02-20', 'Side meeting person. Family player base democratic answer. Fall find long still. Girl describe child major bill write degree painting.', 464, '2024-01-25 05:00:58', '2024-10-21 03:06:51');
    
    INSERT INTO Users (UserID, Name, Email, Password, ProfilePicture, DateOfBirth, Bio, PointsBalance, CreatedAt, UpdatedAt)
    VALUES (93, 'Sarah Reynolds', 'madisonlee@hotmail.com', 'JE@2Gcvs0G', 'https://www.lorempixel.com/465/1019',
    '2001-08-26', 'Mission employee natural card. Price professional conference here.
See church throw event. Front knowledge similar board manage nothing official. Now plan inside car section quality never.', 135, '2024-07-14 20:30:11', '2024-05-31 10:48:22');
    
    INSERT INTO Users (UserID, Name, Email, Password, ProfilePicture, DateOfBirth, Bio, PointsBalance, CreatedAt, UpdatedAt)
    VALUES (94, 'Christopher Brooks PhD', 'rwilson@hotmail.com', 'Z_9di0XoXL', 'https://www.lorempixel.com/432/862',
    '2000-08-21', 'Argue ball street book important report source. Type else represent listen quality. Such run rich claim change. Purpose event per pick physical.', 223, '2024-03-15 21:46:16', '2024-05-20 01:38:10');
    
    INSERT INTO Users (UserID, Name, Email, Password, ProfilePicture, DateOfBirth, Bio, PointsBalance, CreatedAt, UpdatedAt)
    VALUES (95, 'Barbara Wilkins', 'christy61@mahoney.net', ')5mJ8Caedt', 'https://dummyimage.com/588x318',
    '1986-05-15', 'Cover commercial arm official. Whose job television. Discover black before education.
Final star somebody set. Thousand main behind inside provide though.', 230, '2024-08-24 03:42:41', '2024-10-18 08:08:53');
    
    INSERT INTO Users (UserID, Name, Email, Password, ProfilePicture, DateOfBirth, Bio, PointsBalance, CreatedAt, UpdatedAt)
    VALUES (96, 'Curtis Payne', 'angelicagomez@gmail.com', '(O)&3Ns9LP', 'https://dummyimage.com/478x987',
    '1960-01-01', 'Compare tonight enough southern government in. Past modern take ball.
Pull keep sell improve so sport suddenly. Training sit fish series question. Officer data but trip only.', 465, '2024-01-26 21:32:04', '2024-03-15 08:45:38');
    
    INSERT INTO Users (UserID, Name, Email, Password, ProfilePicture, DateOfBirth, Bio, PointsBalance, CreatedAt, UpdatedAt)
    VALUES (97, 'Alan Harris MD', 'aaroncalhoun@hotmail.com', ')zDP5O%tG1', 'https://www.lorempixel.com/139/799',
    '1973-09-22', 'Among seat health defense thus. Information goal control hard community ready.
One here to everybody later. Any growth test inside.', 121, '2024-06-28 07:59:40', '2024-01-18 13:40:16');
    
    INSERT INTO Users (UserID, Name, Email, Password, ProfilePicture, DateOfBirth, Bio, PointsBalance, CreatedAt, UpdatedAt)
    VALUES (98, 'Patrick Hood', 'omartin@gmail.com', 'GnO4UqsP)+', 'https://placekitten.com/482/965',
    '1973-04-12', 'Single knowledge catch such less stuff car. Reach edge network. Everything leg skin eat remember away against.', 309, '2024-03-06 18:39:45', '2024-09-21 07:50:12');
    
    INSERT INTO Users (UserID, Name, Email, Password, ProfilePicture, DateOfBirth, Bio, PointsBalance, CreatedAt, UpdatedAt)
    VALUES (99, 'Juan Martin', 'aarroyo@yahoo.com', '^99HKnvc_(', 'https://placeimg.com/1000/270/any',
    '1993-02-12', 'Finish could green modern us experience practice service. Discussion what matter view. Pull mean herself oil suddenly result.
High family recently go energy. Arrive though course film quite hope.', 179, '2024-10-05 16:53:15', '2024-05-23 06:05:37');
    
    INSERT INTO Users (UserID, Name, Email, Password, ProfilePicture, DateOfBirth, Bio, PointsBalance, CreatedAt, UpdatedAt)
    VALUES (100, 'Anita Taylor', 'cbarnett@yahoo.com', '&C+S4O3nD7', 'https://placekitten.com/456/1008',
    '1978-02-03', 'His do teach media require cause. Soon law people or despite record be.
Significant TV base Democrat remember well recent. Material main commercial even term color rule.', 107, '2024-01-21 10:59:29', '2024-07-04 14:32:23');
    
   
    INSERT INTO Accommodations (AccommodationID, UserID, Title, Description, Location, Amenities, HouseRules, DailyPointCost, AvailableDates, CreatedAt, UpdatedAt)
    VALUES (1, 82, 'Whose need miss dream half.', 'Surface plan rock. Not bring people professor pay rule. Yet do hour. Within put serious month ground itself move prepare.
Surface bad risk us. Head share family agreement series attack name.', 
    'Davidport', '{"wifi":"yes","pool":"no","parking":"yes"}', '{"smoking":"no","petsAllowed":"yes"}', 774, '["2025-07-31", "2025-08-26", "2025-07-08", "2025-07-25", "2025-08-13", "2025-07-10", "2025-07-07", "2025-07-02", "2025-06-22", "2025-07-24"]', 
    '2024-04-08 17:27:14', '2024-10-07 03:14:19');
    
    INSERT INTO Accommodations (AccommodationID, UserID, Title, Description, Location, Amenities, HouseRules, DailyPointCost, AvailableDates, CreatedAt, UpdatedAt)
    VALUES (2, 46, 'Western walk.', 'Then president purpose year. Least action act feeling run whom everyone. More shoulder radio everyone.
Act such red painting film single black. Always trouble seek fact decide meeting free.
Wife station girl drug.
Rule front scientist forget energy prove. Wide across ahead process third.', 
    'North Travis', '{"wifi":"yes","pool":"no","parking":"yes"}', '{"smoking":"no","petsAllowed":"yes"}', 535, '["2025-07-01", "2025-06-26", "2025-08-21", "2025-06-20", "2025-08-17", "2025-08-02", "2025-07-08", "2025-08-23", "2025-08-18", "2025-06-26"]', 
    '2024-02-17 21:42:45', '2024-07-02 15:57:04');
    
    INSERT INTO Accommodations (AccommodationID, UserID, Title, Description, Location, Amenities, HouseRules, DailyPointCost, AvailableDates, CreatedAt, UpdatedAt)
    VALUES (3, 33, 'Former theory himself today soon.', 'Eight movie computer fund senior anything. Movement chair nor full from executive.
Us attention build use work their. Soon describe process because off. Sport industry degree how guess see. Once range at religious.', 
    'North Emilyburgh', '{"wifi":"yes","pool":"no","parking":"yes"}', '{"smoking":"no","petsAllowed":"yes"}', 687, '["2025-08-01", "2025-07-31", "2025-08-31", "2025-08-22", "2025-07-18", "2025-06-17", "2025-07-28", "2025-06-22", "2025-06-13", "2025-06-03"]', 
    '2024-10-29 14:04:23', '2024-05-21 23:37:11');
    
    INSERT INTO Accommodations (AccommodationID, UserID, Title, Description, Location, Amenities, HouseRules, DailyPointCost, AvailableDates, CreatedAt, UpdatedAt)
    VALUES (4, 71, 'Ask discussion.', 'Budget ago ahead two sell. Perform strong especially draw eight despite that point.
Never method within teacher individual address. Others degree carry out.
Fact school whole however reflect Mrs. Not already beyond just. Want end financial discuss security begin.', 
    'South Michaelfort', '{"wifi":"yes","pool":"no","parking":"yes"}', '{"smoking":"no","petsAllowed":"yes"}', 421, '["2025-07-23", "2025-06-17", "2025-06-19", "2025-08-29", "2025-07-05", "2025-07-17", "2025-07-06", "2025-07-30", "2025-06-25", "2025-07-07"]', 
    '2024-12-11 14:45:43', '2024-04-04 23:55:48');
    
    INSERT INTO Accommodations (AccommodationID, UserID, Title, Description, Location, Amenities, HouseRules, DailyPointCost, AvailableDates, CreatedAt, UpdatedAt)
    VALUES (5, 7, 'Young seven.', 'Be interesting north. Point ago cost politics actually.
Three all activity many. Crime boy back practice one reality game certain. Bring according much own front prevent fine force. Successful catch nation democratic physical.', 
    'Barbaramouth', '{"wifi":"yes","pool":"no","parking":"yes"}', '{"smoking":"no","petsAllowed":"yes"}', 932, '["2025-08-02", "2025-06-27", "2025-08-06", "2025-08-20", "2025-07-16", "2025-08-11", "2025-08-10", "2025-06-23", "2025-06-09", "2025-06-16"]', 
    '2024-02-17 10:50:11', '2024-09-27 22:25:40');
    
    INSERT INTO Accommodations (AccommodationID, UserID, Title, Description, Location, Amenities, HouseRules, DailyPointCost, AvailableDates, CreatedAt, UpdatedAt)
    VALUES (6, 46, 'Because send goal society institution.', 'Fast think program. Expect walk recognize edge.
Challenge turn his business have instead especially. Left agree way such leave.
See this good might financial. Subject everything single understand get leg against.
Word woman mother unit gun cause meeting tend.', 
    'Josephmouth', '{"wifi":"yes","pool":"no","parking":"yes"}', '{"smoking":"no","petsAllowed":"yes"}', 259, '["2025-07-03", "2025-08-28", "2025-06-21", "2025-07-22", "2025-08-18", "2025-09-01", "2025-08-31", "2025-09-01", "2025-08-05", "2025-08-25"]', 
    '2024-02-10 21:09:20', '2024-02-26 11:16:54');
    
    INSERT INTO Accommodations (AccommodationID, UserID, Title, Description, Location, Amenities, HouseRules, DailyPointCost, AvailableDates, CreatedAt, UpdatedAt)
    VALUES (7, 49, 'Staff deep instead.', 'Sure purpose office themselves left way stop rule. Order happy behind fall small from. Research provide feel pretty visit.
Want energy trade pay. Good evidence amount front road employee indicate. Close health lay new better drive.', 
    'Port Kimberlyburgh', '{"wifi":"yes","pool":"no","parking":"yes"}', '{"smoking":"no","petsAllowed":"yes"}', 125, '["2025-06-04", "2025-08-28", "2025-07-20", "2025-08-29", "2025-08-05", "2025-07-31", "2025-09-01", "2025-08-10", "2025-06-05", "2025-08-16"]', 
    '2024-02-29 16:16:05', '2024-01-01 14:02:27');
    
    INSERT INTO Accommodations (AccommodationID, UserID, Title, Description, Location, Amenities, HouseRules, DailyPointCost, AvailableDates, CreatedAt, UpdatedAt)
    VALUES (8, 48, 'Particularly ball mention finally consider.', 'Collection bar hard though word fear citizen. Imagine husband sit into these green.
Top second name bad PM. Realize hit course raise six.
Base their ever Mr so listen join. Investment bar network book film.
Style positive good magazine skill. Even rather artist process manager.', 
    'Scottbury', '{"wifi":"yes","pool":"no","parking":"yes"}', '{"smoking":"no","petsAllowed":"yes"}', 240, '["2025-08-27", "2025-08-12", "2025-07-25", "2025-08-11", "2025-06-02", "2025-07-08", "2025-06-07", "2025-07-24", "2025-08-11", "2025-08-14"]', 
    '2024-06-28 05:12:07', '2024-07-20 05:43:07');
    
    INSERT INTO Accommodations (AccommodationID, UserID, Title, Description, Location, Amenities, HouseRules, DailyPointCost, AvailableDates, CreatedAt, UpdatedAt)
    VALUES (9, 71, 'Indicate floor scientist develop.', 'Wait unit also present reflect.
Cell by pretty radio organization adult out. Support when can beyond network whatever carry. Bring several Republican car new participant nature.
Grow building interview glass measure commercial clear its. Morning lot cup.', 
    'North Joshuachester', '{"wifi":"yes","pool":"no","parking":"yes"}', '{"smoking":"no","petsAllowed":"yes"}', 127, '["2025-06-03", "2025-07-12", "2025-08-23", "2025-08-05", "2025-07-25", "2025-07-06", "2025-06-21", "2025-08-05", "2025-08-28", "2025-06-15"]', 
    '2024-10-03 04:50:31', '2024-08-06 08:43:54');
    
    INSERT INTO Accommodations (AccommodationID, UserID, Title, Description, Location, Amenities, HouseRules, DailyPointCost, AvailableDates, CreatedAt, UpdatedAt)
    VALUES (10, 49, 'Require benefit type him.', 'Large current student. So treatment technology strategy talk public. Reason hand lead director design.
Fire fill bit among large role. Employee without skin information explain however without.
Nice well them state. Form consider pass unit. Draw factor rich imagine how improve huge.', 
    'Leonardstad', '{"wifi":"yes","pool":"no","parking":"yes"}', '{"smoking":"no","petsAllowed":"yes"}', 428, '["2025-07-08", "2025-08-14", "2025-08-16", "2025-06-25", "2025-06-26", "2025-08-21", "2025-06-20", "2025-08-28", "2025-07-02", "2025-07-15"]', 
    '2024-02-03 18:58:33', '2024-11-19 03:17:58');
    
    INSERT INTO Accommodations (AccommodationID, UserID, Title, Description, Location, Amenities, HouseRules, DailyPointCost, AvailableDates, CreatedAt, UpdatedAt)
    VALUES (11, 46, 'Although area level would agency.', 'Treatment energy wife officer environmental. Boy mean day reality improve material prove. Happen mean best cold cause consider.
Page reveal one really group local piece.
Force ability sea strategy decade argue. Role must event again role even. Work raise too nation face.', 
    'North Danielmouth', '{"wifi":"yes","pool":"no","parking":"yes"}', '{"smoking":"no","petsAllowed":"yes"}', 910, '["2025-08-15", "2025-07-05", "2025-07-08", "2025-06-22", "2025-06-27", "2025-08-27", "2025-07-01", "2025-08-26", "2025-08-02", "2025-07-22"]', 
    '2024-10-15 00:41:14', '2024-06-07 14:11:35');
    
    INSERT INTO Accommodations (AccommodationID, UserID, Title, Description, Location, Amenities, HouseRules, DailyPointCost, AvailableDates, CreatedAt, UpdatedAt)
    VALUES (12, 71, 'Market not moment listen capital.', 'Stuff full carry whole sing wear blood.
Feeling sea protect arrive garden build me. Soon understand sure. Least section recently expert audience any season.
Return west hot paper prevent according. Like maybe modern wrong against stuff. With set commercial travel kitchen mother moment thought.', 
    'Lake Michaelshire', '{"wifi":"yes","pool":"no","parking":"yes"}', '{"smoking":"no","petsAllowed":"yes"}', 788, '["2025-07-17", "2025-08-28", "2025-08-02", "2025-06-23", "2025-06-22", "2025-06-24", "2025-06-04", "2025-06-02", "2025-06-17", "2025-08-26"]', 
    '2024-07-21 01:17:57', '2024-07-17 00:43:17');
    
    INSERT INTO Accommodations (AccommodationID, UserID, Title, Description, Location, Amenities, HouseRules, DailyPointCost, AvailableDates, CreatedAt, UpdatedAt)
    VALUES (13, 82, 'Brother real.', 'Site stand able environmental side on bank foot. Voice imagine factor last it lawyer push. House future catch. Thought successful participant kid send.
Office build response action sister career yourself. Oil cold two mention.', 
    'Charlesborough', '{"wifi":"yes","pool":"no","parking":"yes"}', '{"smoking":"no","petsAllowed":"yes"}', 919, '["2025-08-26", "2025-07-05", "2025-06-14", "2025-07-11", "2025-07-05", "2025-06-05", "2025-06-13", "2025-07-03", "2025-07-26", "2025-07-25"]', 
    '2024-11-15 16:02:36', '2024-11-26 19:54:53');
    
    INSERT INTO Accommodations (AccommodationID, UserID, Title, Description, Location, Amenities, HouseRules, DailyPointCost, AvailableDates, CreatedAt, UpdatedAt)
    VALUES (14, 49, 'Only cultural first more.', 'Goal garden remain word morning. Could either actually range.
Various rate scene camera pay operation maybe. Only thought person.
Somebody no short visit piece. Long north region type soldier experience race. Practice rest note hard sport or each.', 
    'North Lisaton', '{"wifi":"yes","pool":"no","parking":"yes"}', '{"smoking":"no","petsAllowed":"yes"}', 672, '["2025-08-27", "2025-06-20", "2025-08-31", "2025-07-03", "2025-08-15", "2025-06-09", "2025-08-28", "2025-06-21", "2025-06-17", "2025-07-14"]', 
    '2024-10-13 11:45:51', '2024-10-02 01:59:22');
    
    INSERT INTO Accommodations (AccommodationID, UserID, Title, Description, Location, Amenities, HouseRules, DailyPointCost, AvailableDates, CreatedAt, UpdatedAt)
    VALUES (15, 46, 'Her lead best.', 'National skin table suggest down father room. Dark than discover them open close modern. Collection full have.
Light answer fill campaign. Raise expect green push peace word.
Pull dog feeling could figure. Evidence factor purpose. But serious yourself speech mother truth.', 
    'South Stephen', '{"wifi":"yes","pool":"no","parking":"yes"}', '{"smoking":"no","petsAllowed":"yes"}', 360, '["2025-07-31", "2025-07-16", "2025-07-25", "2025-08-07", "2025-06-28", "2025-08-01", "2025-08-07", "2025-07-18", "2025-06-14", "2025-07-14"]', 
    '2024-11-04 21:22:49', '2024-04-08 11:43:15');
    
    INSERT INTO Accommodations (AccommodationID, UserID, Title, Description, Location, Amenities, HouseRules, DailyPointCost, AvailableDates, CreatedAt, UpdatedAt)
    VALUES (16, 46, 'Team ever.', 'Rise experience with prevent off cultural. About ready run modern maybe arrive author dog. Get white decide modern probably after.
Join pattern consumer affect. Thing assume dinner simple. Fire will hot particularly spring picture will.', 
    'Henryborough', '{"wifi":"yes","pool":"no","parking":"yes"}', '{"smoking":"no","petsAllowed":"yes"}', 515, '["2025-06-04", "2025-08-02", "2025-06-11", "2025-06-09", "2025-07-12", "2025-06-24", "2025-07-16", "2025-06-17", "2025-06-03", "2025-07-10"]', 
    '2024-01-16 20:25:05', '2024-05-16 06:50:34');
    
    INSERT INTO Accommodations (AccommodationID, UserID, Title, Description, Location, Amenities, HouseRules, DailyPointCost, AvailableDates, CreatedAt, UpdatedAt)
    VALUES (17, 71, 'Memory role prepare practice.', 'Career page pattern later movie. Central story condition vote scene occur. None specific power front. Poor behind size out computer paper.
Same reveal up. Recently statement ahead bill they but.
Most you start. Writer above experience side good. Move fight mention wear.', 
    'Christopherview', '{"wifi":"yes","pool":"no","parking":"yes"}', '{"smoking":"no","petsAllowed":"yes"}', 483, '["2025-08-08", "2025-07-05", "2025-07-02", "2025-09-01", "2025-08-03", "2025-06-10", "2025-07-09", "2025-06-13", "2025-08-05", "2025-06-14"]', 
    '2024-09-25 12:37:55', '2024-08-12 10:40:25');
    
    INSERT INTO Accommodations (AccommodationID, UserID, Title, Description, Location, Amenities, HouseRules, DailyPointCost, AvailableDates, CreatedAt, UpdatedAt)
    VALUES (18, 48, 'Several late.', 'Us yet page system risk concern. Idea economic ball article.
Despite thought entire. Suddenly conference threat throw happen ready occur.
Staff several society continue allow. Size wait nor do nice trial. Mother want run.', 
    'New Sarashire', '{"wifi":"yes","pool":"no","parking":"yes"}', '{"smoking":"no","petsAllowed":"yes"}', 402, '["2025-06-09", "2025-08-15", "2025-06-16", "2025-09-01", "2025-06-05", "2025-08-12", "2025-08-15", "2025-06-06", "2025-08-28", "2025-08-15"]', 
    '2024-11-17 11:35:58', '2024-08-25 08:12:51');
    
    INSERT INTO Accommodations (AccommodationID, UserID, Title, Description, Location, Amenities, HouseRules, DailyPointCost, AvailableDates, CreatedAt, UpdatedAt)
    VALUES (19, 7, 'Explain really every message.', 'Local performance when floor size record. Marriage little arm data maybe himself himself.
Word necessary wide threat. Its send take her participant.
Democratic song history positive source. Interview trade image industry kitchen. Trial sort really type whatever understand.', 
    'New Toddside', '{"wifi":"yes","pool":"no","parking":"yes"}', '{"smoking":"no","petsAllowed":"yes"}', 796, '["2025-08-03", "2025-06-05", "2025-07-03", "2025-08-06", "2025-08-17", "2025-08-13", "2025-08-18", "2025-08-26", "2025-06-28", "2025-07-03"]', 
    '2024-12-02 02:57:23', '2024-11-10 11:37:54');
    
    INSERT INTO Accommodations (AccommodationID, UserID, Title, Description, Location, Amenities, HouseRules, DailyPointCost, AvailableDates, CreatedAt, UpdatedAt)
    VALUES (20, 18, 'Government stay win word growth.', 'Most word tax store side unit security. Six marriage style tell exist. Word information draw collection civil follow argue.
Assume season she country painting else fill. City condition reach put find nice some. Manager key offer out much.', 
    'East Michaelmouth', '{"wifi":"yes","pool":"no","parking":"yes"}', '{"smoking":"no","petsAllowed":"yes"}', 745, '["2025-06-07", "2025-07-22", "2025-07-23", "2025-06-07", "2025-07-19", "2025-06-20", "2025-08-06", "2025-07-20", "2025-08-27", "2025-07-27"]', 
    '2024-12-14 11:09:01', '2024-03-26 16:00:30');
    
    INSERT INTO Bookings (BookingID, GuestID, HostID, AccommodationID, StartDate, EndDate, TotalPointsUsed, Status, CreatedAt, UpdatedAt)
    VALUES (1, 64, 16, 2, '2025-06-29', '2025-07-03', 
    700, 'Pending', '2024-05-04 15:58:59', '2024-09-19 18:24:38');
    
    INSERT INTO Bookings (BookingID, GuestID, HostID, AccommodationID, StartDate, EndDate, TotalPointsUsed, Status, CreatedAt, UpdatedAt)
    VALUES (2, 45, 57, 17, '2025-08-23', '2025-08-28', 
    869, 'Pending', '2024-10-04 19:05:04', '2024-11-21 14:26:20');
    
    INSERT INTO Bookings (BookingID, GuestID, HostID, AccommodationID, StartDate, EndDate, TotalPointsUsed, Status, CreatedAt, UpdatedAt)
    VALUES (3, 46, 32, 14, '2025-07-28', '2025-08-01', 
    574, 'Cancelled', '2024-04-28 03:08:04', '2024-08-05 04:33:43');
    
    INSERT INTO Bookings (BookingID, GuestID, HostID, AccommodationID, StartDate, EndDate, TotalPointsUsed, Status, CreatedAt, UpdatedAt)
    VALUES (4, 63, 16, 11, '2025-06-12', '2025-06-17', 
    994, 'Cancelled', '2024-09-27 21:42:39', '2024-06-29 15:31:28');
    
    INSERT INTO Bookings (BookingID, GuestID, HostID, AccommodationID, StartDate, EndDate, TotalPointsUsed, Status, CreatedAt, UpdatedAt)
    VALUES (5, 32, 32, 17, '2025-07-02', '2025-07-03', 
    817, 'Cancelled', '2024-01-05 02:22:32', '2024-11-26 02:48:58');
    
    INSERT INTO Bookings (BookingID, GuestID, HostID, AccommodationID, StartDate, EndDate, TotalPointsUsed, Status, CreatedAt, UpdatedAt)
    VALUES (6, 38, 93, 1, '2025-08-08', '2025-08-12', 
    726, 'Pending', '2024-07-11 16:41:21', '2024-07-30 01:15:39');
    
    INSERT INTO Bookings (BookingID, GuestID, HostID, AccommodationID, StartDate, EndDate, TotalPointsUsed, Status, CreatedAt, UpdatedAt)
    VALUES (7, 62, 32, 20, '2025-08-12', '2025-08-17', 
    840, 'Pending', '2024-06-13 18:15:44', '2024-05-22 05:51:26');
    
    INSERT INTO Bookings (BookingID, GuestID, HostID, AccommodationID, StartDate, EndDate, TotalPointsUsed, Status, CreatedAt, UpdatedAt)
    VALUES (8, 13, 49, 10, '2025-08-20', '2025-08-22', 
    605, 'Confirmed', '2024-10-04 11:36:34', '2024-05-30 19:06:14');
    
    INSERT INTO Bookings (BookingID, GuestID, HostID, AccommodationID, StartDate, EndDate, TotalPointsUsed, Status, CreatedAt, UpdatedAt)
    VALUES (9, 55, 57, 6, '2025-07-31', '2025-08-02', 
    479, 'Confirmed', '2024-12-11 23:08:47', '2024-05-30 00:22:06');
    
    INSERT INTO Bookings (BookingID, GuestID, HostID, AccommodationID, StartDate, EndDate, TotalPointsUsed, Status, CreatedAt, UpdatedAt)
    VALUES (10, 45, 62, 1, '2025-06-07', '2025-06-08', 
    682, 'Pending', '2024-09-08 09:35:39', '2024-10-04 14:47:29');
    
    INSERT INTO Bookings (BookingID, GuestID, HostID, AccommodationID, StartDate, EndDate, TotalPointsUsed, Status, CreatedAt, UpdatedAt)
    VALUES (11, 21, 35, 1, '2025-07-02', '2025-07-05', 
    249, 'Pending', '2024-12-24 11:04:16', '2024-01-31 15:03:43');
    
    INSERT INTO Bookings (BookingID, GuestID, HostID, AccommodationID, StartDate, EndDate, TotalPointsUsed, Status, CreatedAt, UpdatedAt)
    VALUES (12, 14, 16, 11, '2025-08-06', '2025-08-07', 
    185, 'Cancelled', '2024-08-11 15:28:20', '2024-10-29 00:40:22');
    
    INSERT INTO Bookings (BookingID, GuestID, HostID, AccommodationID, StartDate, EndDate, TotalPointsUsed, Status, CreatedAt, UpdatedAt)
    VALUES (13, 83, 57, 9, '2025-08-07', '2025-08-10', 
    123, 'Pending', '2024-02-13 00:53:08', '2024-06-02 01:09:50');
    
    INSERT INTO Bookings (BookingID, GuestID, HostID, AccommodationID, StartDate, EndDate, TotalPointsUsed, Status, CreatedAt, UpdatedAt)
    VALUES (14, 77, 57, 2, '2025-07-08', '2025-07-10', 
    202, 'Cancelled', '2024-03-26 22:17:09', '2024-05-30 05:02:40');
    
    INSERT INTO Bookings (BookingID, GuestID, HostID, AccommodationID, StartDate, EndDate, TotalPointsUsed, Status, CreatedAt, UpdatedAt)
    VALUES (15, 3, 57, 12, '2025-06-16', '2025-06-20', 
    659, 'Cancelled', '2024-01-27 17:06:16', '2024-02-08 09:43:07');
    
    INSERT INTO Bookings (BookingID, GuestID, HostID, AccommodationID, StartDate, EndDate, TotalPointsUsed, Status, CreatedAt, UpdatedAt)
    VALUES (16, 73, 62, 7, '2025-07-08', '2025-07-09', 
    411, 'Cancelled', '2024-11-25 20:26:01', '2024-09-03 09:42:01');
    
    INSERT INTO Bookings (BookingID, GuestID, HostID, AccommodationID, StartDate, EndDate, TotalPointsUsed, Status, CreatedAt, UpdatedAt)
    VALUES (17, 37, 32, 16, '2025-06-27', '2025-06-28', 
    600, 'Cancelled', '2024-10-27 11:56:15', '2024-07-22 00:04:28');
    
    INSERT INTO Bookings (BookingID, GuestID, HostID, AccommodationID, StartDate, EndDate, TotalPointsUsed, Status, CreatedAt, UpdatedAt)
    VALUES (18, 26, 30, 17, '2025-08-26', '2025-08-27', 
    52, 'Cancelled', '2024-09-03 04:32:07', '2024-12-16 21:56:11');
    
    INSERT INTO Bookings (BookingID, GuestID, HostID, AccommodationID, StartDate, EndDate, TotalPointsUsed, Status, CreatedAt, UpdatedAt)
    VALUES (19, 51, 49, 4, '2025-07-08', '2025-07-09', 
    481, 'Cancelled', '2024-08-03 19:28:51', '2024-07-25 14:40:41');
    
    INSERT INTO Bookings (BookingID, GuestID, HostID, AccommodationID, StartDate, EndDate, TotalPointsUsed, Status, CreatedAt, UpdatedAt)
    VALUES (20, 26, 95, 19, '2025-06-22', '2025-06-24', 
    897, 'Confirmed', '2024-07-02 07:01:26', '2024-12-15 08:26:16');
    
    INSERT INTO Bookings (BookingID, GuestID, HostID, AccommodationID, StartDate, EndDate, TotalPointsUsed, Status, CreatedAt, UpdatedAt)
    VALUES (21, 18, 95, 5, '2025-07-23', '2025-07-26', 
    79, 'Pending', '2024-11-10 18:22:58', '2024-03-14 05:57:24');
    
    INSERT INTO Bookings (BookingID, GuestID, HostID, AccommodationID, StartDate, EndDate, TotalPointsUsed, Status, CreatedAt, UpdatedAt)
    VALUES (22, 33, 32, 6, '2025-07-26', '2025-07-27', 
    509, 'Cancelled', '2024-08-15 01:11:40', '2024-09-16 21:59:19');
    
    INSERT INTO Bookings (BookingID, GuestID, HostID, AccommodationID, StartDate, EndDate, TotalPointsUsed, Status, CreatedAt, UpdatedAt)
    VALUES (23, 32, 35, 1, '2025-06-17', '2025-06-19', 
    987, 'Cancelled', '2024-03-27 22:31:03', '2024-04-16 11:27:22');
    
    INSERT INTO Bookings (BookingID, GuestID, HostID, AccommodationID, StartDate, EndDate, TotalPointsUsed, Status, CreatedAt, UpdatedAt)
    VALUES (24, 57, 16, 19, '2025-07-04', '2025-07-05', 
    641, 'Confirmed', '2024-09-03 22:09:33', '2024-06-23 23:03:50');
    
    INSERT INTO Bookings (BookingID, GuestID, HostID, AccommodationID, StartDate, EndDate, TotalPointsUsed, Status, CreatedAt, UpdatedAt)
    VALUES (25, 74, 95, 7, '2025-08-30', '2025-09-03', 
    567, 'Confirmed', '2024-04-22 09:02:41', '2024-12-20 00:05:50');
    
    INSERT INTO Bookings (BookingID, GuestID, HostID, AccommodationID, StartDate, EndDate, TotalPointsUsed, Status, CreatedAt, UpdatedAt)
    VALUES (26, 70, 88, 13, '2025-08-06', '2025-08-07', 
    586, 'Confirmed', '2024-03-27 19:07:50', '2024-12-25 00:47:35');
    
    INSERT INTO Bookings (BookingID, GuestID, HostID, AccommodationID, StartDate, EndDate, TotalPointsUsed, Status, CreatedAt, UpdatedAt)
    VALUES (27, 41, 49, 15, '2025-08-12', '2025-08-17', 
    895, 'Confirmed', '2024-03-22 19:04:03', '2024-10-27 21:37:22');
    
    INSERT INTO Bookings (BookingID, GuestID, HostID, AccommodationID, StartDate, EndDate, TotalPointsUsed, Status, CreatedAt, UpdatedAt)
    VALUES (28, 81, 88, 6, '2025-08-23', '2025-08-26', 
    105, 'Confirmed', '2024-07-11 00:44:18', '2024-05-13 22:10:50');
    
    INSERT INTO Bookings (BookingID, GuestID, HostID, AccommodationID, StartDate, EndDate, TotalPointsUsed, Status, CreatedAt, UpdatedAt)
    VALUES (29, 80, 35, 10, '2025-08-03', '2025-08-08', 
    170, 'Pending', '2024-07-24 05:18:49', '2024-11-30 15:02:15');
    
    INSERT INTO Bookings (BookingID, GuestID, HostID, AccommodationID, StartDate, EndDate, TotalPointsUsed, Status, CreatedAt, UpdatedAt)
    VALUES (30, 41, 35, 17, '2025-06-19', '2025-06-21', 
    426, 'Confirmed', '2024-05-09 09:08:40', '2024-01-22 03:40:48');
    
    INSERT INTO Bookings (BookingID, GuestID, HostID, AccommodationID, StartDate, EndDate, TotalPointsUsed, Status, CreatedAt, UpdatedAt)
    VALUES (31, 96, 49, 5, '2025-08-06', '2025-08-07', 
    159, 'Confirmed', '2024-02-04 04:52:59', '2024-10-22 10:49:47');
    
    INSERT INTO Bookings (BookingID, GuestID, HostID, AccommodationID, StartDate, EndDate, TotalPointsUsed, Status, CreatedAt, UpdatedAt)
    VALUES (32, 36, 49, 13, '2025-06-20', '2025-06-21', 
    987, 'Cancelled', '2024-07-17 08:00:41', '2024-03-27 21:12:12');
    
    INSERT INTO Bookings (BookingID, GuestID, HostID, AccommodationID, StartDate, EndDate, TotalPointsUsed, Status, CreatedAt, UpdatedAt)
    VALUES (33, 37, 30, 3, '2025-07-23', '2025-07-24', 
    659, 'Cancelled', '2024-10-10 05:16:31', '2024-10-19 23:17:57');
    
    INSERT INTO Bookings (BookingID, GuestID, HostID, AccommodationID, StartDate, EndDate, TotalPointsUsed, Status, CreatedAt, UpdatedAt)
    VALUES (34, 24, 32, 14, '2025-08-09', '2025-08-13', 
    634, 'Pending', '2024-09-25 22:58:36', '2024-01-22 11:29:07');
    
    INSERT INTO Bookings (BookingID, GuestID, HostID, AccommodationID, StartDate, EndDate, TotalPointsUsed, Status, CreatedAt, UpdatedAt)
    VALUES (35, 100, 93, 17, '2025-08-13', '2025-08-18', 
    852, 'Pending', '2024-02-02 08:31:13', '2024-08-28 07:53:21');
    
    INSERT INTO Bookings (BookingID, GuestID, HostID, AccommodationID, StartDate, EndDate, TotalPointsUsed, Status, CreatedAt, UpdatedAt)
    VALUES (36, 35, 95, 17, '2025-08-22', '2025-08-26', 
    883, 'Pending', '2024-12-22 23:30:08', '2024-03-17 04:51:52');
    
    INSERT INTO Bookings (BookingID, GuestID, HostID, AccommodationID, StartDate, EndDate, TotalPointsUsed, Status, CreatedAt, UpdatedAt)
    VALUES (37, 87, 49, 15, '2025-07-25', '2025-07-29', 
    61, 'Pending', '2024-03-14 04:12:56', '2024-09-06 03:39:53');
    
    INSERT INTO Bookings (BookingID, GuestID, HostID, AccommodationID, StartDate, EndDate, TotalPointsUsed, Status, CreatedAt, UpdatedAt)
    VALUES (38, 74, 57, 13, '2025-06-02', '2025-06-07', 
    414, 'Confirmed', '2024-04-24 16:53:13', '2024-10-11 10:17:00');
    
    INSERT INTO Bookings (BookingID, GuestID, HostID, AccommodationID, StartDate, EndDate, TotalPointsUsed, Status, CreatedAt, UpdatedAt)
    VALUES (39, 32, 30, 15, '2025-06-29', '2025-07-01', 
    661, 'Cancelled', '2024-05-01 05:26:33', '2024-08-20 14:38:34');
    
    INSERT INTO Bookings (BookingID, GuestID, HostID, AccommodationID, StartDate, EndDate, TotalPointsUsed, Status, CreatedAt, UpdatedAt)
    VALUES (40, 72, 88, 11, '2025-08-09', '2025-08-13', 
    611, 'Cancelled', '2024-02-14 11:18:44', '2024-08-03 07:55:11');
    
    INSERT INTO Bookings (BookingID, GuestID, HostID, AccommodationID, StartDate, EndDate, TotalPointsUsed, Status, CreatedAt, UpdatedAt)
    VALUES (41, 66, 62, 1, '2025-07-02', '2025-07-06', 
    432, 'Confirmed', '2024-04-07 16:47:15', '2024-01-20 03:36:34');
    
    INSERT INTO Bookings (BookingID, GuestID, HostID, AccommodationID, StartDate, EndDate, TotalPointsUsed, Status, CreatedAt, UpdatedAt)
    VALUES (42, 64, 35, 20, '2025-07-06', '2025-07-09', 
    356, 'Cancelled', '2024-09-26 10:22:34', '2024-05-24 08:20:21');
    
    INSERT INTO Bookings (BookingID, GuestID, HostID, AccommodationID, StartDate, EndDate, TotalPointsUsed, Status, CreatedAt, UpdatedAt)
    VALUES (43, 40, 62, 9, '2025-07-31', '2025-08-05', 
    512, 'Confirmed', '2024-01-08 23:27:21', '2024-06-06 03:36:09');
    
    INSERT INTO Bookings (BookingID, GuestID, HostID, AccommodationID, StartDate, EndDate, TotalPointsUsed, Status, CreatedAt, UpdatedAt)
    VALUES (44, 12, 32, 15, '2025-07-08', '2025-07-11', 
    956, 'Cancelled', '2024-02-24 03:25:42', '2024-10-22 20:12:41');
    
    INSERT INTO Bookings (BookingID, GuestID, HostID, AccommodationID, StartDate, EndDate, TotalPointsUsed, Status, CreatedAt, UpdatedAt)
    VALUES (45, 100, 95, 17, '2025-06-12', '2025-06-13', 
    678, 'Confirmed', '2024-09-12 02:06:23', '2024-05-22 07:56:07');
    
    INSERT INTO Bookings (BookingID, GuestID, HostID, AccommodationID, StartDate, EndDate, TotalPointsUsed, Status, CreatedAt, UpdatedAt)
    VALUES (46, 94, 32, 8, '2025-06-20', '2025-06-23', 
    914, 'Confirmed', '2024-12-01 23:05:21', '2024-11-18 20:29:12');
    
    INSERT INTO Bookings (BookingID, GuestID, HostID, AccommodationID, StartDate, EndDate, TotalPointsUsed, Status, CreatedAt, UpdatedAt)
    VALUES (47, 72, 93, 19, '2025-07-30', '2025-07-31', 
    751, 'Confirmed', '2024-11-06 21:55:37', '2024-07-22 05:43:07');
    
    INSERT INTO Bookings (BookingID, GuestID, HostID, AccommodationID, StartDate, EndDate, TotalPointsUsed, Status, CreatedAt, UpdatedAt)
    VALUES (48, 68, 30, 11, '2025-07-09', '2025-07-11', 
    982, 'Pending', '2024-06-23 16:03:36', '2024-06-18 20:22:51');
    
    INSERT INTO Bookings (BookingID, GuestID, HostID, AccommodationID, StartDate, EndDate, TotalPointsUsed, Status, CreatedAt, UpdatedAt)
    VALUES (49, 45, 49, 19, '2025-07-11', '2025-07-12', 
    321, 'Cancelled', '2024-11-05 20:27:22', '2024-02-12 14:18:40');
    
    INSERT INTO Bookings (BookingID, GuestID, HostID, AccommodationID, StartDate, EndDate, TotalPointsUsed, Status, CreatedAt, UpdatedAt)
    VALUES (50, 59, 30, 5, '2025-07-19', '2025-07-21', 
    821, 'Cancelled', '2024-09-12 06:31:41', '2024-07-05 09:41:42');
    
    INSERT INTO PointTransactions (TransactionID, UserID, TransactionType, Points, Description, ReviewImpact, CreatedAt)
    VALUES (1, 94, 'Earned', 69, 'Then leader your teacher rather cost.', 
    '{"reviewScore": 4.5, "totalReviews": 10}', '2024-02-29 04:06:57');
    
    INSERT INTO PointTransactions (TransactionID, UserID, TransactionType, Points, Description, ReviewImpact, CreatedAt)
    VALUES (2, 61, 'Spent', 125, 'Could significant thus attack number. Entire fine our ago officer hotel minute.', 
    '{"reviewScore": 4.5, "totalReviews": 10}', '2024-03-11 01:43:36');
    
    INSERT INTO PointTransactions (TransactionID, UserID, TransactionType, Points, Description, ReviewImpact, CreatedAt)
    VALUES (3, 49, 'Earned', 135, 'High heart fly help. So possible away look partner call south. Agree film specific these top.', 
    '{"reviewScore": 4.5, "totalReviews": 10}', '2024-12-18 11:04:43');
    
    INSERT INTO PointTransactions (TransactionID, UserID, TransactionType, Points, Description, ReviewImpact, CreatedAt)
    VALUES (4, 62, 'Spent', 140, 'Nearly firm situation relate first. Around over play.', 
    '{"reviewScore": 4.5, "totalReviews": 10}', '2024-08-06 16:02:44');
    
    INSERT INTO PointTransactions (TransactionID, UserID, TransactionType, Points, Description, ReviewImpact, CreatedAt)
    VALUES (5, 80, 'Spent', 157, 'Include animal avoid media walk.
Place rest than ready focus. Decision environmental lead.', 
    '{"reviewScore": 4.5, "totalReviews": 10}', '2024-05-09 14:42:51');
    
    INSERT INTO PointTransactions (TransactionID, UserID, TransactionType, Points, Description, ReviewImpact, CreatedAt)
    VALUES (6, 61, 'Spent', 90, 'Pressure friend reality. Area experience young window. In ahead edge when year alone.', 
    '{"reviewScore": 4.5, "totalReviews": 10}', '2024-05-16 23:48:08');
    
    INSERT INTO PointTransactions (TransactionID, UserID, TransactionType, Points, Description, ReviewImpact, CreatedAt)
    VALUES (7, 63, 'Earned', 90, 'Expect agreement base affect.', 
    '{"reviewScore": 4.5, "totalReviews": 10}', '2024-06-21 06:17:18');
    
    INSERT INTO PointTransactions (TransactionID, UserID, TransactionType, Points, Description, ReviewImpact, CreatedAt)
    VALUES (8, 12, 'Spent', 123, 'Draw ground threat value us store total. A prevent PM market cold.', 
    '{"reviewScore": 4.5, "totalReviews": 10}', '2024-09-24 04:38:14');
    
    INSERT INTO PointTransactions (TransactionID, UserID, TransactionType, Points, Description, ReviewImpact, CreatedAt)
    VALUES (9, 29, 'Spent', 59, 'Since tree fly. Half hair trouble its hundred hospital.', 
    '{"reviewScore": 4.5, "totalReviews": 10}', '2024-05-28 15:14:34');
    
    INSERT INTO PointTransactions (TransactionID, UserID, TransactionType, Points, Description, ReviewImpact, CreatedAt)
    VALUES (10, 57, 'Spent', 99, 'Hospital include off prevent ball huge short. Magazine say agency business thing risk great foot.', 
    '{"reviewScore": 4.5, "totalReviews": 10}', '2024-10-27 17:39:13');
    
    INSERT INTO Messaging (MessageID, SenderID, ReceiverID, Content, SentAt)
    VALUES (1, 39, 82, 'Again color improve red could beyond music.
Animal or everybody social page so race. Like be treatment short future. Ground style focus determine traditional animal church.
From travel possible college than. Say white cup show. Every dream ability there cup. Finally oil structure bar follow.', '2024-09-16 09:42:03');
    
    INSERT INTO Messaging (MessageID, SenderID, ReceiverID, Content, SentAt)
    VALUES (2, 43, 4, 'Plant spring four. Oil kid director mission stop town play. By picture language attorney civil.
Shoulder garden information house education someone prove challenge. Current girl political morning back. Now about guy wall after.
Care through let open world various get. Game baby whom western.', '2024-05-18 00:47:54');
    
    INSERT INTO Messaging (MessageID, SenderID, ReceiverID, Content, SentAt)
    VALUES (3, 38, 80, 'Star power investment lot analysis themselves hair. Trial but soldier. Exactly share there sing arm answer same. Try method then top.
Current read artist guy. Wrong lose together piece.
Spend sure owner finish. Down dark include include tonight budget. Notice else job city sure local serve.', '2024-12-14 15:17:23');
    
    INSERT INTO Messaging (MessageID, SenderID, ReceiverID, Content, SentAt)
    VALUES (4, 5, 81, 'Quality ten according view surface song from. Opportunity near trip war particular life surface environment. Amount set either stand thank natural relationship.
Change source never tax ball. Real both past cost day hope series.
Student himself card. Young rate treatment station country.', '2024-11-04 11:14:43');
    
    INSERT INTO Messaging (MessageID, SenderID, ReceiverID, Content, SentAt)
    VALUES (5, 51, 96, 'Positive get consumer woman. Local include west share paper professor.
Age may increase behavior every type. Someone bar institution ready. Fly decision take matter become develop.', '2024-08-18 14:51:09');
    
    INSERT INTO Messaging (MessageID, SenderID, ReceiverID, Content, SentAt)
    VALUES (6, 73, 76, 'Development easy popular. Either court investment rich act. Cost civil guess wrong.
View catch can from happy effect.
Figure dog activity hundred Democrat protect exactly.
Agree produce however into later may. Individual arrive know certainly.', '2024-11-04 13:08:17');
    
    INSERT INTO Messaging (MessageID, SenderID, ReceiverID, Content, SentAt)
    VALUES (7, 81, 30, 'You others strong south training. Choose conference town unit can trouble. Decision pull arrive scientist fear.
Company a little near suggest well off. Blood democratic take summer create. Attention sometimes return perhaps never color.', '2024-03-15 03:55:39');
    
    INSERT INTO Messaging (MessageID, SenderID, ReceiverID, Content, SentAt)
    VALUES (8, 60, 36, 'Tough also bank oil gas fund risk. Occur school nice particularly wonder.
Interview suddenly dark skin especially while million. Good media turn top focus lay glass.
Something mission politics. Believe political arm pass tend.', '2024-04-15 05:04:41');
    
    INSERT INTO Messaging (MessageID, SenderID, ReceiverID, Content, SentAt)
    VALUES (9, 32, 78, 'Wide price case.
Happy reveal point relationship western. Should game safe model actually could receive create.
Property project sell parent thing. Pull into develop month.
Put same fund name. From cost music point citizen trade arm. Dinner ground among.', '2024-12-13 22:18:29');
    
    INSERT INTO Messaging (MessageID, SenderID, ReceiverID, Content, SentAt)
    VALUES (10, 19, 27, 'Anyone better late local. Also give today just wish successful garden one.
Arm risk western near mean someone. First fall other or.
Personal wind system wind. Hot at watch affect those. Throughout throw house market. Exactly line rather culture.', '2024-02-10 01:42:45');
    
    INSERT INTO RatingsAndReviews (ReviewID, BookingID, ReviewerID, RevieweeID, Rating, Comment, CreatedAt)
    VALUES (1, 44, 19, 85, 4.41, 
    'Throughout sound choose seven. Piece town yet actually try you. Financial anything audience young important keep.', '2024-03-07 16:41:06');
    
    INSERT INTO RatingsAndReviews (ReviewID, BookingID, ReviewerID, RevieweeID, Rating, Comment, CreatedAt)
    VALUES (2, 45, 73, 64, 1.28, 
    'Officer they agent a allow. Long thank whole myself I. Wife administration name deep draw.
Kind small town dog star.', '2024-09-11 03:17:42');
    
    INSERT INTO RatingsAndReviews (ReviewID, BookingID, ReviewerID, RevieweeID, Rating, Comment, CreatedAt)
    VALUES (3, 41, 79, 83, 2.72, 
    'Animal case describe organization sign image. Charge maintain service physical.
Visit low turn. Serious I above space science west. Everyone budget direction shoulder trip.', '2024-11-27 03:27:21');
    
    INSERT INTO RatingsAndReviews (ReviewID, BookingID, ReviewerID, RevieweeID, Rating, Comment, CreatedAt)
    VALUES (4, 20, 94, 47, 2.41, 
    'Entire white seat positive without let. Ago while interview leg ball.
Research reflect play exist.', '2024-07-29 12:08:15');
    
    INSERT INTO RatingsAndReviews (ReviewID, BookingID, ReviewerID, RevieweeID, Rating, Comment, CreatedAt)
    VALUES (5, 5, 40, 79, 2.1, 
    'Meet race just southern together party approach. That huge military piece great church still.', '2024-11-20 23:41:12');
    
    INSERT INTO RatingsAndReviews (ReviewID, BookingID, ReviewerID, RevieweeID, Rating, Comment, CreatedAt)
    VALUES (6, 34, 42, 83, 3.12, 
    'Husband end guy relate. Way less method little past whom. Require now chair hold. Thought area sign always bar.', '2024-05-14 09:54:14');
    
    INSERT INTO RatingsAndReviews (ReviewID, BookingID, ReviewerID, RevieweeID, Rating, Comment, CreatedAt)
    VALUES (7, 43, 1, 14, 3.72, 
    'Behavior arrive do sure now miss student. Head month investment style yard dog. Statement generation ready. Or federal citizen college walk avoid painting.', '2024-10-24 08:36:25');
    
    INSERT INTO RatingsAndReviews (ReviewID, BookingID, ReviewerID, RevieweeID, Rating, Comment, CreatedAt)
    VALUES (8, 22, 98, 4, 2.52, 
    'Series practice medical attorney strategy half night Democrat. Activity beyond book hot. Song sound yard six despite decide international.', '2024-10-21 18:55:54');
    
    INSERT INTO RatingsAndReviews (ReviewID, BookingID, ReviewerID, RevieweeID, Rating, Comment, CreatedAt)
    VALUES (9, 30, 29, 95, 2.09, 
    'Today compare health environment. Whether color option through for.
Clearly base resource window direction. Design growth yeah must goal future. Pretty fire allow.', '2024-01-11 15:06:04');
    
    INSERT INTO RatingsAndReviews (ReviewID, BookingID, ReviewerID, RevieweeID, Rating, Comment, CreatedAt)
    VALUES (10, 38, 73, 33, 1.59, 
    'A citizen government. Center avoid church. Conference contain election live must and under.
Government blood peace. Question marriage art.', '2024-11-27 14:51:24');

ALTER TABLE Users
ADD COLUMN Gender VARCHAR(10) DEFAULT 'Not Specified';

ALTER TABLE Users
ADD COLUMN Country VARCHAR(50) DEFAULT 'Unknown';

ALTER TABLE Users
ADD COLUMN TimeZone VARCHAR(50) DEFAULT 'UTC';

SET SQL_SAFE_UPDATES = 0;


-- Rastgele cinsiyet atamas
UPDATE Users
SET Gender = CASE 
    WHEN RAND() < 0.5 THEN 'Male' 
    ELSE 'Female' 
END;

-- Rastgele lke atamas
UPDATE Users
SET Country = CASE FLOOR(1 + (RAND() * 5))
    WHEN 1 THEN 'United States'
    WHEN 2 THEN 'Turkey'
    WHEN 3 THEN 'Germany'
    WHEN 4 THEN 'Canada'
    WHEN 5 THEN 'Australia'
END;

-- Rastgele zaman dilimi atamas
UPDATE Users
SET TimeZone = CASE FLOOR(1 + (RAND() * 5))
    WHEN 1 THEN 'UTC'
    WHEN 2 THEN 'GMT+3'
    WHEN 3 THEN 'EST'
    WHEN 4 THEN 'PST'
    WHEN 5 THEN 'CST'
END;

SET SQL_SAFE_UPDATES = 1;

    